{
  "accuracy": 0.812639405204461,
  "weighted_precision": 0.8251882808680291,
  "weighted_recall": 0.812639405204461,
  "weighted_f1": 0.8088867473076733,
  "macro_precision": 0.8219547902396014,
  "macro_recall": 0.7975814783584412,
  "macro_f1": 0.7964729797339866,
  "classification_report": {
    "accountant": {
      "precision": 0.6590909090909091,
      "recall": 0.9666666666666667,
      "f1-score": 0.7837837837837838,
      "support": 30.0
    },
    "advocate": {
      "precision": 0.9130434782608695,
      "recall": 0.7,
      "f1-score": 0.7924528301886793,
      "support": 30.0
    },
    "agriculture": {
      "precision": 0.96,
      "recall": 0.8,
      "f1-score": 0.8727272727272727,
      "support": 30.0
    },
    "apparel": {
      "precision": 0.84,
      "recall": 0.7,
      "f1-score": 0.7636363636363637,
      "support": 30.0
    },
    "arts": {
      "precision": 1.0,
      "recall": 0.5666666666666667,
      "f1-score": 0.723404255319149,
      "support": 30.0
    },
    "aviation": {
      "precision": 0.7931034482758621,
      "recall": 0.7666666666666667,
      "f1-score": 0.7796610169491526,
      "support": 30.0
    },
    "banking": {
      "precision": 1.0,
      "recall": 0.7,
      "f1-score": 0.8235294117647058,
      "support": 30.0
    },
    "business analyst": {
      "precision": 0.9342105263157895,
      "recall": 0.8987341772151899,
      "f1-score": 0.9161290322580645,
      "support": 79.0
    },
    "business-development": {
      "precision": 0.8387096774193549,
      "recall": 0.8666666666666667,
      "f1-score": 0.8524590163934426,
      "support": 30.0
    },
    "chef": {
      "precision": 0.6590909090909091,
      "recall": 0.9666666666666667,
      "f1-score": 0.7837837837837838,
      "support": 30.0
    },
    "construction": {
      "precision": 0.84375,
      "recall": 0.9,
      "f1-score": 0.8709677419354839,
      "support": 30.0
    },
    "consultant": {
      "precision": 0.9285714285714286,
      "recall": 0.43333333333333335,
      "f1-score": 0.5909090909090909,
      "support": 30.0
    },
    "cyber security": {
      "precision": 0.8888888888888888,
      "recall": 0.7619047619047619,
      "f1-score": 0.8205128205128205,
      "support": 63.0
    },
    "data science": {
      "precision": 0.6891891891891891,
      "recall": 0.6375,
      "f1-score": 0.6623376623376623,
      "support": 80.0
    },
    "designer": {
      "precision": 0.8620689655172413,
      "recall": 0.8333333333333334,
      "f1-score": 0.847457627118644,
      "support": 30.0
    },
    "devops": {
      "precision": 0.8873239436619719,
      "recall": 0.7875,
      "f1-score": 0.8344370860927153,
      "support": 80.0
    },
    "digital-media": {
      "precision": 0.7931034482758621,
      "recall": 0.7666666666666667,
      "f1-score": 0.7796610169491526,
      "support": 30.0
    },
    "engineering": {
      "precision": 0.8928571428571429,
      "recall": 0.8333333333333334,
      "f1-score": 0.8620689655172413,
      "support": 30.0
    },
    "finance": {
      "precision": 0.8571428571428571,
      "recall": 0.6,
      "f1-score": 0.7058823529411765,
      "support": 30.0
    },
    "fitness": {
      "precision": 0.8709677419354839,
      "recall": 0.9,
      "f1-score": 0.8852459016393442,
      "support": 30.0
    },
    "healthcare": {
      "precision": 0.7272727272727273,
      "recall": 0.8,
      "f1-score": 0.7619047619047619,
      "support": 30.0
    },
    "hr": {
      "precision": 0.7142857142857143,
      "recall": 1.0,
      "f1-score": 0.8333333333333334,
      "support": 30.0
    },
    "information-technology": {
      "precision": 0.6842105263157895,
      "recall": 0.41935483870967744,
      "f1-score": 0.52,
      "support": 31.0
    },
    "machine learning engineer": {
      "precision": 0.7346938775510204,
      "recall": 0.9,
      "f1-score": 0.8089887640449438,
      "support": 80.0
    },
    "mobile app developer": {
      "precision": 0.9253731343283582,
      "recall": 0.96875,
      "f1-score": 0.9465648854961832,
      "support": 64.0
    },
    "network engineer": {
      "precision": 0.7840909090909091,
      "recall": 0.8846153846153846,
      "f1-score": 0.8313253012048193,
      "support": 78.0
    },
    "public-relations": {
      "precision": 0.675,
      "recall": 0.9,
      "f1-score": 0.7714285714285715,
      "support": 30.0
    },
    "quality assurance": {
      "precision": 0.8876404494382022,
      "recall": 0.9875,
      "f1-score": 0.9349112426035503,
      "support": 80.0
    },
    "sales": {
      "precision": 0.75,
      "recall": 0.7,
      "f1-score": 0.7241379310344828,
      "support": 30.0
    },
    "software engineer": {
      "precision": 0.8125,
      "recall": 0.8125,
      "f1-score": 0.8125,
      "support": 80.0
    },
    "teacher": {
      "precision": 0.6744186046511628,
      "recall": 0.9666666666666667,
      "f1-score": 0.7945205479452054,
      "support": 30.0
    },
    "accuracy": 0.812639405204461,
    "macro avg": {
      "precision": 0.8219547902396014,
      "recall": 0.7975814783584412,
      "f1-score": 0.7964729797339866,
      "support": 1345.0
    },
    "weighted avg": {
      "precision": 0.8251882808680291,
      "recall": 0.812639405204461,
      "f1-score": 0.8088867473076733,
      "support": 1345.0
    }
  },
  "training_date": "2026-01-05T21:50:13.998651",
  "model_parameters": {
    "model": "ComplementNB",
    "alpha": 0.1,
    "max_features": 15000,
    "ngram_range": [
      1,
      2
    ],
    "min_df": 2,
    "max_df": 0.9
  }
}