{
  "accuracy": 0.8341232227488151,
  "weighted_precision": 0.851917979416911,
  "weighted_recall": 0.8341232227488151,
  "weighted_f1": 0.83323032921471,
  "macro_precision": 0.8420454473082001,
  "macro_recall": 0.816164299688825,
  "macro_f1": 0.817033993539713,
  "classification_report": {
    "accountant": {
      "precision": 0.5918367346938775,
      "recall": 0.9666666666666667,
      "f1-score": 0.7341772151898734,
      "support": 30.0
    },
    "advocate": {
      "precision": 0.8518518518518519,
      "recall": 0.7666666666666667,
      "f1-score": 0.8070175438596491,
      "support": 30.0
    },
    "agriculture": {
      "precision": 0.9545454545454546,
      "recall": 0.7,
      "f1-score": 0.8076923076923077,
      "support": 30.0
    },
    "apparel": {
      "precision": 0.8571428571428571,
      "recall": 0.6,
      "f1-score": 0.7058823529411765,
      "support": 30.0
    },
    "arts": {
      "precision": 1.0,
      "recall": 0.5333333333333333,
      "f1-score": 0.6956521739130435,
      "support": 30.0
    },
    "aviation": {
      "precision": 0.8275862068965517,
      "recall": 0.8,
      "f1-score": 0.8135593220338984,
      "support": 30.0
    },
    "banking": {
      "precision": 0.9545454545454546,
      "recall": 0.7,
      "f1-score": 0.8076923076923077,
      "support": 30.0
    },
    "business analyst": {
      "precision": 1.0,
      "recall": 0.9240506329113924,
      "f1-score": 0.9605263157894737,
      "support": 79.0
    },
    "business-development": {
      "precision": 0.8666666666666667,
      "recall": 0.8666666666666667,
      "f1-score": 0.8666666666666667,
      "support": 30.0
    },
    "chef": {
      "precision": 0.6590909090909091,
      "recall": 0.9666666666666667,
      "f1-score": 0.7837837837837838,
      "support": 30.0
    },
    "construction": {
      "precision": 0.9285714285714286,
      "recall": 0.8666666666666667,
      "f1-score": 0.896551724137931,
      "support": 30.0
    },
    "consultant": {
      "precision": 0.8421052631578947,
      "recall": 0.5333333333333333,
      "f1-score": 0.6530612244897959,
      "support": 30.0
    },
    "cyber security": {
      "precision": 0.9259259259259259,
      "recall": 0.7936507936507936,
      "f1-score": 0.8547008547008547,
      "support": 63.0
    },
    "datascience": {
      "precision": 0.6915887850467289,
      "recall": 0.925,
      "f1-score": 0.7914438502673797,
      "support": 80.0
    },
    "designer": {
      "precision": 0.9285714285714286,
      "recall": 0.8666666666666667,
      "f1-score": 0.896551724137931,
      "support": 30.0
    },
    "devops": {
      "precision": 0.881578947368421,
      "recall": 0.8375,
      "f1-score": 0.8589743589743589,
      "support": 80.0
    },
    "digital-media": {
      "precision": 0.88,
      "recall": 0.7333333333333333,
      "f1-score": 0.8,
      "support": 30.0
    },
    "engineering": {
      "precision": 0.8125,
      "recall": 0.8666666666666667,
      "f1-score": 0.8387096774193549,
      "support": 30.0
    },
    "finance": {
      "precision": 0.9090909090909091,
      "recall": 0.6666666666666666,
      "f1-score": 0.7692307692307693,
      "support": 30.0
    },
    "fitness": {
      "precision": 0.8620689655172413,
      "recall": 0.8333333333333334,
      "f1-score": 0.847457627118644,
      "support": 30.0
    },
    "healthcare": {
      "precision": 0.7419354838709677,
      "recall": 0.7666666666666667,
      "f1-score": 0.7540983606557377,
      "support": 30.0
    },
    "hr": {
      "precision": 0.8235294117647058,
      "recall": 0.9333333333333333,
      "f1-score": 0.875,
      "support": 30.0
    },
    "it-support": {
      "precision": 0.7619047619047619,
      "recall": 1.0,
      "f1-score": 0.8648648648648649,
      "support": 32.0
    },
    "mobile app developer": {
      "precision": 0.9242424242424242,
      "recall": 0.953125,
      "f1-score": 0.9384615384615385,
      "support": 64.0
    },
    "network engineer": {
      "precision": 0.8333333333333334,
      "recall": 0.8974358974358975,
      "f1-score": 0.8641975308641975,
      "support": 78.0
    },
    "public-relations": {
      "precision": 0.6136363636363636,
      "recall": 0.9,
      "f1-score": 0.7297297297297297,
      "support": 30.0
    },
    "quality assurance": {
      "precision": 0.9397590361445783,
      "recall": 0.975,
      "f1-score": 0.9570552147239264,
      "support": 80.0
    },
    "sales": {
      "precision": 0.7692307692307693,
      "recall": 0.6666666666666666,
      "f1-score": 0.7142857142857143,
      "support": 30.0
    },
    "software engineer": {
      "precision": 0.8507462686567164,
      "recall": 0.7125,
      "f1-score": 0.7755102040816326,
      "support": 80.0
    },
    "teacher": {
      "precision": 0.7777777777777778,
      "recall": 0.9333333333333333,
      "f1-score": 0.8484848484848485,
      "support": 30.0
    },
    "accuracy": 0.8341232227488151,
    "macro avg": {
      "precision": 0.8420454473082001,
      "recall": 0.816164299688825,
      "f1-score": 0.817033993539713,
      "support": 1266.0
    },
    "weighted avg": {
      "precision": 0.851917979416911,
      "recall": 0.8341232227488151,
      "f1-score": 0.83323032921471,
      "support": 1266.0
    }
  },
  "training_date": "2026-01-25T15:55:18.537193",
  "model_parameters": {
    "model": "ComplementNB",
    "alpha": 0.1,
    "max_features": 15000,
    "ngram_range": [
      1,
      2
    ],
    "min_df": 2,
    "max_df": 0.9
  }
}