{
  "accuracy": 0.8163568773234201,
  "weighted_precision": 0.8304444684748522,
  "weighted_recall": 0.8163568773234201,
  "weighted_f1": 0.8134277781769701,
  "macro_precision": 0.8313080211163459,
  "macro_recall": 0.8047803290839454,
  "macro_f1": 0.804808145975941,
  "classification_report": {
    "accountant": {
      "precision": 0.6744186046511628,
      "recall": 0.9666666666666667,
      "f1-score": 0.7945205479452054,
      "support": 30.0
    },
    "advocate": {
      "precision": 0.9130434782608695,
      "recall": 0.7,
      "f1-score": 0.7924528301886793,
      "support": 30.0
    },
    "agriculture": {
      "precision": 0.96,
      "recall": 0.8,
      "f1-score": 0.8727272727272727,
      "support": 30.0
    },
    "apparel": {
      "precision": 0.8518518518518519,
      "recall": 0.7666666666666667,
      "f1-score": 0.8070175438596491,
      "support": 30.0
    },
    "arts": {
      "precision": 1.0,
      "recall": 0.5666666666666667,
      "f1-score": 0.723404255319149,
      "support": 30.0
    },
    "aviation": {
      "precision": 0.8518518518518519,
      "recall": 0.7666666666666667,
      "f1-score": 0.8070175438596491,
      "support": 30.0
    },
    "banking": {
      "precision": 1.0,
      "recall": 0.7,
      "f1-score": 0.8235294117647058,
      "support": 30.0
    },
    "business analyst": {
      "precision": 0.9333333333333333,
      "recall": 0.8860759493670886,
      "f1-score": 0.9090909090909091,
      "support": 79.0
    },
    "business-development": {
      "precision": 0.8387096774193549,
      "recall": 0.8666666666666667,
      "f1-score": 0.8524590163934426,
      "support": 30.0
    },
    "chef": {
      "precision": 0.6590909090909091,
      "recall": 0.9666666666666667,
      "f1-score": 0.7837837837837838,
      "support": 30.0
    },
    "construction": {
      "precision": 0.84375,
      "recall": 0.9,
      "f1-score": 0.8709677419354839,
      "support": 30.0
    },
    "consultant": {
      "precision": 1.0,
      "recall": 0.43333333333333335,
      "f1-score": 0.6046511627906976,
      "support": 30.0
    },
    "cyber security": {
      "precision": 0.8703703703703703,
      "recall": 0.746031746031746,
      "f1-score": 0.8034188034188035,
      "support": 63.0
    },
    "data science": {
      "precision": 0.68,
      "recall": 0.6375,
      "f1-score": 0.6580645161290323,
      "support": 80.0
    },
    "designer": {
      "precision": 0.8666666666666667,
      "recall": 0.8666666666666667,
      "f1-score": 0.8666666666666667,
      "support": 30.0
    },
    "devops": {
      "precision": 0.8873239436619719,
      "recall": 0.7875,
      "f1-score": 0.8344370860927153,
      "support": 80.0
    },
    "digital-media": {
      "precision": 0.8518518518518519,
      "recall": 0.7666666666666667,
      "f1-score": 0.8070175438596491,
      "support": 30.0
    },
    "engineering": {
      "precision": 0.8928571428571429,
      "recall": 0.8333333333333334,
      "f1-score": 0.8620689655172413,
      "support": 30.0
    },
    "finance": {
      "precision": 0.875,
      "recall": 0.7,
      "f1-score": 0.7777777777777778,
      "support": 30.0
    },
    "fitness": {
      "precision": 0.8709677419354839,
      "recall": 0.9,
      "f1-score": 0.8852459016393442,
      "support": 30.0
    },
    "healthcare": {
      "precision": 0.7272727272727273,
      "recall": 0.8,
      "f1-score": 0.7619047619047619,
      "support": 30.0
    },
    "hr": {
      "precision": 0.75,
      "recall": 1.0,
      "f1-score": 0.8571428571428571,
      "support": 30.0
    },
    "information-technology": {
      "precision": 0.7142857142857143,
      "recall": 0.4838709677419355,
      "f1-score": 0.5769230769230769,
      "support": 31.0
    },
    "machine learning engineer": {
      "precision": 0.7346938775510204,
      "recall": 0.9,
      "f1-score": 0.8089887640449438,
      "support": 80.0
    },
    "mobile app developer": {
      "precision": 0.9253731343283582,
      "recall": 0.96875,
      "f1-score": 0.9465648854961832,
      "support": 64.0
    },
    "network engineer": {
      "precision": 0.7727272727272727,
      "recall": 0.8717948717948718,
      "f1-score": 0.8192771084337349,
      "support": 78.0
    },
    "public-relations": {
      "precision": 0.6428571428571429,
      "recall": 0.9,
      "f1-score": 0.75,
      "support": 30.0
    },
    "quality assurance": {
      "precision": 0.8876404494382022,
      "recall": 0.9875,
      "f1-score": 0.9349112426035503,
      "support": 80.0
    },
    "sales": {
      "precision": 0.8076923076923077,
      "recall": 0.7,
      "f1-score": 0.75,
      "support": 30.0
    },
    "software engineer": {
      "precision": 0.8125,
      "recall": 0.8125,
      "f1-score": 0.8125,
      "support": 80.0
    },
    "teacher": {
      "precision": 0.6744186046511628,
      "recall": 0.9666666666666667,
      "f1-score": 0.7945205479452054,
      "support": 30.0
    },
    "accuracy": 0.8163568773234201,
    "macro avg": {
      "precision": 0.8313080211163459,
      "recall": 0.8047803290839454,
      "f1-score": 0.804808145975941,
      "support": 1345.0
    },
    "weighted avg": {
      "precision": 0.8304444684748522,
      "recall": 0.8163568773234201,
      "f1-score": 0.8134277781769701,
      "support": 1345.0
    }
  },
  "training_date": "2026-01-06T12:35:47.470674",
  "model_parameters": {
    "model": "ComplementNB",
    "alpha": 0.1,
    "max_features": 15000,
    "ngram_range": [
      1,
      2
    ],
    "min_df": 2,
    "max_df": 0.9
  }
}